Workbook

Sheet Instructions
A1: Adoption tracking, Glostone-Care
A2: 1. Fill the yellow cells only. Each service fills one line per week in Weekly indicators. Log every problem in Issues log. Tick skills in Training attendance.
A3: 2. Read the sheets at the weekly 15-minute review. Update Go-No-go at the end of the pilot and of each extension.
A4: 3. Gray cells are formulas, do not type in them. Do not write patient names or patient data in this file.
A6: Start date of week 1 | C6: Type the date, for example 2026-11-02

Sheet Weekly indicators
A1: Week no. | B1: Week start date | C1: Service | D1: Staff trained | E1: Staff using the system daily | F1: Records created in system | G1: Records still on paper only | H1: Sales or entries double-entered | I1: Incidents | J1: Average time of a standard task [minutes] | K1: Satisfaction (1 to 5) | L1: Notes | M1: Total records | N1: Percent in system | O1: Percent of trained staff using it daily
A2: 1 | B2: =IF(Instructions!$B$6="","",Instructions!$B$6+7*(A2-1)) | C2: Reception and cash desk | M2: =IF(AND(F2="",G2=""),"",N(F2)+N(G2)) | N2: =IF(N(M2)=0,"",F2/M2) | O2: =IF(N(D2)=0,"",E2/D2)
A3: 1 | B3: =IF(Instructions!$B$6="","",Instructions!$B$6+7*(A3-1)) | C3: Nursing | M3: =IF(AND(F3="",G3=""),"",N(F3)+N(G3)) | N3: =IF(N(M3)=0,"",F3/M3) | O3: =IF(N(D3)=0,"",E3/D3)
A4: 1 | B4: =IF(Instructions!$B$6="","",Instructions!$B$6+7*(A4-1)) | C4: Medical (doctors) | M4: =IF(AND(F4="",G4=""),"",N(F4)+N(G4)) | N4: =IF(N(M4)=0,"",F4/M4) | O4: =IF(N(D4)=0,"",E4/D4)
A5: 1 | B5: =IF(Instructions!$B$6="","",Instructions!$B$6+7*(A5-1)) | C5: Laboratory | M5: =IF(AND(F5="",G5=""),"",N(F5)+N(G5)) | N5: =IF(N(M5)=0,"",F5/M5) | O5: =IF(N(D5)=0,"",E5/D5)
A6: 1 | B6: =IF(Instructions!$B$6="","",Instructions!$B$6+7*(A6-1)) | C6: Pharmacy and stock | M6: =IF(AND(F6="",G6=""),"",N(F6)+N(G6)) | N6: =IF(N(M6)=0,"",F6/M6) | O6: =IF(N(D6)=0,"",E6/D6)
A7: 1 | B7: =IF(Instructions!$B$6="","",Instructions!$B$6+7*(A7-1)) | C7: Production | M7: =IF(AND(F7="",G7=""),"",N(F7)+N(G7)) | N7: =IF(N(M7)=0,"",F7/M7) | O7: =IF(N(D7)=0,"",E7/D7)
A8: 1 | B8: =IF(Instructions!$B$6="","",Instructions!$B$6+7*(A8-1)) | C8: Toxicology | M8: =IF(AND(F8="",G8=""),"",N(F8)+N(G8)) | N8: =IF(N(M8)=0,"",F8/M8) | O8: =IF(N(D8)=0,"",E8/D8)
A9: 1 | B9: =IF(Instructions!$B$6="","",Instructions!$B$6+7*(A9-1)) | C9: Spiritual care | M9: =IF(AND(F9="",G9=""),"",N(F9)+N(G9)) | N9: =IF(N(M9)=0,"",F9/M9) | O9: =IF(N(D9)=0,"",E9/D9)
A10: 1 | B10: =IF(Instructions!$B$6="","",Instructions!$B$6+7*(A10-1)) | C10: Management and admin | M10: =IF(AND(F10="",G10=""),"",N(F10)+N(G10)) | N10: =IF(N(M10)=0,"",F10/M10) | O10: =IF(N(D10)=0,"",E10/D10)
A11: 2 | B11: =IF(Instructions!$B$6="","",Instructions!$B$6+7*(A11-1)) | C11: Reception and cash desk | M11: =IF(AND(F11="",G11=""),"",N(F11)+N(G11)) | N11: =IF(N(M11)=0,"",F11/M11) | O11: =IF(N(D11)=0,"",E11/D11)
A12: 2 | B12: =IF(Instructions!$B$6="","",Instructions!$B$6+7*(A12-1)) | C12: Nursing | M12: =IF(AND(F12="",G12=""),"",N(F12)+N(G12)) | N12: =IF(N(M12)=0,"",F12/M12) | O12: =IF(N(D12)=0,"",E12/D12)
A13: 2 | B13: =IF(Instructions!$B$6="","",Instructions!$B$6+7*(A13-1)) | C13: Medical (doctors) | M13: =IF(AND(F13="",G13=""),"",N(F13)+N(G13)) | N13: =IF(N(M13)=0,"",F13/M13) | O13: =IF(N(D13)=0,"",E13/D13)
... A73: 8 | B73: =IF(Instructions!$B$6="","",Instructions!$B$6+7*(A73-1)) | C73: Management and admin | M73: =IF(AND(F73="",G73=""),"",N(F73)+N(G73)) | N73: =IF(N(M73)=0,"",F73/M73) | O73: =IF(N(D73)=0,"",E73/D73)
C74: Total (sums and averages) | D74: =SUM(D2:D73) | E74: =SUM(E2:E73) | F74: =SUM(F2:F73) | G74: =SUM(G2:G73) | H74: =SUM(H2:H73) | I74: =SUM(I2:I73) | J74: =IF(COUNT(J2:J73)=0,"",AVERAGE(J2:J73)) | K74: =IF(COUNT(K2:K73)=0,"",AVERAGE(K2:K73)) | M74: =SUM(M2:M73) | N74: =IF(M74=0,"",F74/M74) | O74: =IF(D74=0,"",E74/D74)

Sheet Issues log
A1: Date | B1: Service | C1: Reporter | D1: Description (no patient data) | E1: Severity | F1: Owner | G1: Status | H1: Date fixed | J1: Open issues | K1: =COUNTIF(G2:G201,"Open")+COUNTIF(G2:G201,"In progress")
J2: Open critical | K2: =COUNTIFS(E2:E201,"Critical",G2:G201,"Open")+COUNTIFS(E2:E201,"Critical",G2:G201,"In progress")

Sheet Training attendance
A1: Name | B1: Role | C1: Session date | D1: Trained by | E1: Skill 1 | F1: Skill 2 | G1: Skill 3 | H1: Skill 4 | I1: Skill 5 | J1: Skill 6 | K1: Skill 7 | L1: Skills shown (count) | M1: Comment | O1: Skill numbers follow the checklist of the role (section 4 of the plan). Put X when the person showed the skill. Leave the unused skill columns empty.
L2: =IF(COUNTIF(E2:K2,"X")=0,"",COUNTIF(E2:K2,"X"))
L3: =IF(COUNTIF(E3:K3,"X")=0,"",COUNTIF(E3:K3,"X"))
L4: =IF(COUNTIF(E4:K4,"X")=0,"",COUNTIF(E4:K4,"X"))
L5: =IF(COUNTIF(E5:K5,"X")=0,"",COUNTIF(E5:K5,"X"))
L6: =IF(COUNTIF(E6:K6,"X")=0,"",COUNTIF(E6:K6,"X"))
L7: =IF(COUNTIF(E7:K7,"X")=0,"",COUNTIF(E7:K7,"X"))
L8: =IF(COUNTIF(E8:K8,"X")=0,"",COUNTIF(E8:K8,"X"))
L9: =IF(COUNTIF(E9:K9,"X")=0,"",COUNTIF(E9:K9,"X"))
L10: =IF(COUNTIF(E10:K10,"X")=0,"",COUNTIF(E10:K10,"X"))
L11: =IF(COUNTIF(E11:K11,"X")=0,"",COUNTIF(E11:K11,"X"))
L12: =IF(COUNTIF(E12:K12,"X")=0,"",COUNTIF(E12:K12,"X"))
L13: =IF(COUNTIF(E13:K13,"X")=0,"",COUNTIF(E13:K13,"X"))
... L151: =IF(COUNTIF(E151:K151,"X")=0,"",COUNTIF(E151:K151,"X"))

Sheet Go-No-go
A1: No. | B1: Criterion | C1: Target | D1: Current value | E1: Answer | F1: Comment
A2: 1 | B2: At least [X] percent of the service staff are trained
A3: 2 | B3: At least [X] percent of the service staff use the system every day
A4: 3 | B4: Records still on paper only are at most [X] percent of the weekly records
A5: 4 | B5: Sales or entries entered twice are at most [X] per week
A6: 5 | B6: No critical issue is open (no data loss, no wrong money total)
A7: 6 | B7: Average time of a standard task is at most [X] minutes
A8: 7 | B8: Average satisfaction is at least [X] out of 5
A9: 8 | B9: The outage drill was done and the outage sheet is in place
A10: 9 | B10: Cash closing done every working day for [X] days, no unexplained difference (reception)
A11: 10 | B11: Support person and deputy champion confirmed for the next step
B13: Overall decision | E13: =IF(COUNTIF(E2:E11,"Yes")=10,"GO",IF(COUNTIF(E2:E11,"No")>0,"NO-GO","NOT YET"))
B14: Rule: GO only if every line is Yes. One No gives NO-GO. Otherwise NOT YET.
B15: Service or step being decided: [SERVICE] Date: [DATE] Decided by: [NAME]
